sheet,category,code,description,cash_price_usd,online_price_usd
12 Sept BCCT,001 - BABY,BABC,Baby & Me Cream,1.0,1.05
12 Sept BCCT,001 - BABY,EPX,Epimax Cream 400g,5.5,5.775
12 Sept BCCT,001 - BABY,HUGD,Huggies Diapers - Pack,11.0,11.55
12 Sept BCCT,001 - BABY,HUGW,Huggies Wipes,2.0,2.1
12 Sept BCCT,001 - BABY,JOH,Johnson Jelly 325ml,2.5,2.625
12 Sept BCCT,001 - BABY,JOHA,Johnson Aqueous 350ml,2.5,2.625
12 Sept BCCT,001 - BABY,JOHN,Johnson Baby soap 175g,1.2,1.26
12 Sept BCCT,001 - BABY,MASTW,Masters Wipes,,0.0
12 Sept BCCT,001 - BABY,NAN,Nan 1;2;3&4,5.5,5.775
12 Sept BCCT,001 - BABY,PAMP,Pampers Masters Pack,12.0,12.6
12 Sept BCCT,001 - BABY,PAMPS,Pampers Masters Single,0.12,0.126
12 Sept BCCT,001 - BABY,PRED,Predo  Wipes,2.0,2.1
12 Sept BCCT,001 - BABY,PURA,Purity Aqueous,2.3,2.415
12 Sept BCCT,001 - BABY,SOFT,Soft Care Pampers,5.0,5.25
12 Sept BCCT,001 - BABY,SUNS,Sunlight soap,,0.0
12 Sept BCCT,001 - BABY,SUPRDY,Superdry - Pamper,,0.0
12 Sept BCCT,001 - BABY,WIP,Wipes,0.7,0.735
12 Sept BCCT,001 - BABY,WIPJOHN,Johnson Wipes,,0.0
12 Sept BCCT,004 - CLEANING PRODUCTS,ALH,Aloha Washing Pwd 2kg,4.0,4.2
12 Sept BCCT,004 - CLEANING PRODUCTS,ALO,Aloha Washing Pwd 1kg,2.0,2.1
12 Sept BCCT,004 - CLEANING PRODUCTS,ALOD,Aloha Dishwasher,1.5,1.575
12 Sept BCCT,004 - CLEANING PRODUCTS,ALOH,Aloha Washing Pwdr 500g,1.0,1.05
12 Sept BCCT,004 - CLEANING PRODUCTS,ARP,Arpic Cleaner 750ml,,0.0
12 Sept BCCT,004 - CLEANING PRODUCTS,BIG,BigBen bar,1.5,1.575
12 Sept BCCT,004 - CLEANING PRODUCTS,BOM,Boom Paste,0.5,0.525
12 Sept BCCT,004 - CLEANING PRODUCTS,BOMFC,Boom Force Cream 750ml,1.5,1.575
12 Sept BCCT,004 - CLEANING PRODUCTS,BOMM,Boom 150g,0.5,0.525
12 Sept BCCT,004 - CLEANING PRODUCTS,BOMW,Boom - 1KG,2.0,2.1
12 Sept BCCT,004 - CLEANING PRODUCTS,BOO,BoomDish washer 750ml,2.0,2.1
12 Sept BCCT,004 - CLEANING PRODUCTS,BOOMB,Boom Bleach 750ml,1.8,1.8900000000000001
12 Sept BCCT,004 - CLEANING PRODUCTS,BOOMF,Boom Force Scouring,1.0,1.05
12 Sept BCCT,004 - CLEANING PRODUCTS,BOOMM,Boom W/P 500g,1.0,1.05
12 Sept BCCT,004 - CLEANING PRODUCTS,COB,Cobra 350ml,2.5,2.625
12 Sept BCCT,004 - CLEANING PRODUCTS,COM,Comfort 1L,3.0,3.15
12 Sept BCCT,004 - CLEANING PRODUCTS,DISW,Dishwasher Seawave,1.0,1.05
12 Sept BCCT,004 - CLEANING PRODUCTS,DOMES,Domestos local,,0.0
12 Sept BCCT,004 - CLEANING PRODUCTS,DOMS,Domestos,2.0,2.1
12 Sept BCCT,004 - CLEANING PRODUCTS,GK,Gik 750ml,,0.0
12 Sept BCCT,004 - CLEANING PRODUCTS,GREE,Green Bar Perfection,1.3,1.365
12 Sept BCCT,004 - CLEANING PRODUCTS,GRN,Green Bar,,0.0
12 Sept BCCT,004 - CLEANING PRODUCTS,HAN,Handy Andy,2.0,2.1
12 Sept BCCT,004 - CLEANING PRODUCTS,HARP,Harpic,2.0,2.1
12 Sept BCCT,004 - CLEANING PRODUCTS,JK,Jik 750ml,2.0,2.1
12 Sept BCCT,004 - CLEANING PRODUCTS,KIW,Kiwi Polish 50ml,1.0,1.05
12 Sept BCCT,004 - CLEANING PRODUCTS,KNCK,Knock Dishwasher 750ml,1.0,1.05
12 Sept BCCT,004 - CLEANING PRODUCTS,KNO,Knockout Can,1.0,1.05
12 Sept BCCT,004 - CLEANING PRODUCTS,KNOA,Knockout All Purpose Cleaner 500ml,1.0,1.05
12 Sept BCCT,004 - CLEANING PRODUCTS,KNOC,Knock out Satchet,0.5,0.525
12 Sept BCCT,004 - CLEANING PRODUCTS,KNOCK,Knockout Dishwasher 2L,2.0,2.1
12 Sept BCCT,004 - CLEANING PRODUCTS,KNOCT,Knockout Bleach,1.5,1.575
12 Sept BCCT,004 - CLEANING PRODUCTS,KWI,Kiwi 100ml,2.0,2.1
12 Sept BCCT,004 - CLEANING PRODUCTS,MAQ,Maq 1kg,,0.0
12 Sept BCCT,004 - CLEANING PRODUCTS,MEGFLR,Boom 2kg,4.0,4.2
12 Sept BCCT,004 - CLEANING PRODUCTS,MQ,Maq 2kg,4.0,4.2
12 Sept BCCT,004 - CLEANING PRODUCTS,NUGET,Nugget - 100ml,,0.0
12 Sept BCCT,004 - CLEANING PRODUCTS,OMO,Omo Powder 2kg,4.0,4.2
12 Sept BCCT,004 - CLEANING PRODUCTS,PIN,Pinegel 500ml,1.5,1.575
12 Sept BCCT,004 - CLEANING PRODUCTS,PNE,Pinegel 1L,3.0,3.15
12 Sept BCCT,004 - CLEANING PRODUCTS,SEAW,DishWasher Seawave 2L,2.0,2.1
12 Sept BCCT,004 - CLEANING PRODUCTS,SNL,Sunlight Liquid,2.0,2.1
12 Sept BCCT,004 - CLEANING PRODUCTS,STASFT,Star Soft - 2litre,3.5,3.675
12 Sept BCCT,004 - CLEANING PRODUCTS,STS,StarSoft Refill mix,2.0,2.1
12 Sept BCCT,004 - CLEANING PRODUCTS,SUNL,Sunlight 1kg,2.0,2.1
12 Sept BCCT,004 - CLEANING PRODUCTS,SUNLT,SunLight Pwd 2kg,4.0,4.2
12 Sept BCCT,004 - CLEANING PRODUCTS,VIM,Xtra Vim,0.8,0.8400000000000001
12 Sept BCCT,004 - CLEANING PRODUCTS,VM,Vim Can,1.0,1.05
12 Sept BCCT,004 - CLEANING PRODUCTS,XTRA,XTRA Washing Powder,3.5,3.675
12 Sept BCCT,005 - COSMETICS,ADDSPRY,Addidas Spray,3.0,3.15
12 Sept BCCT,005 - COSMETICS,AXP,Axe Perfumer,2.0,2.1
12 Sept BCCT,005 - COSMETICS,BAB,Baby Crez 500ml,1.8,1.8900000000000001
12 Sept BCCT,005 - COSMETICS,BABL,Baby line 500ml,,0.0
12 Sept BCCT,005 - COSMETICS,BCS,Black Chick  Small 125ml,1.0,1.05
12 Sept BCCT,005 - COSMETICS,BEV,BeverlyHills Roll on,,0.0
12 Sept BCCT,005 - COSMETICS,BEVP,Beverly Hills Perfume,2.5,2.625
12 Sept BCCT,005 - COSMETICS,BLC,BlackChic Big 250ml,,0.0
12 Sept BCCT,005 - COSMETICS,BOD,Bodi doc,3.0,3.15
12 Sept BCCT,005 - COSMETICS,BODD,Bodi doc Tissue Oil,3.0,3.15
12 Sept BCCT,005 - COSMETICS,BOMO,Boom Fabric Conditioner 2ltr,,0.0
12 Sept BCCT,005 - COSMETICS,CBL,Clere Beautiful Cream 400ml,2.0,2.1
12 Sept BCCT,005 - COSMETICS,CFM,Clere For Men 450ml,2.0,2.1
12 Sept BCCT,005 - COSMETICS,CLG,Clere Glycerine 100ml,1.0,1.05
12 Sept BCCT,005 - COSMETICS,CLM,Clere Men lotion 400ml,2.0,2.1
12 Sept BCCT,005 - COSMETICS,CLR,Clere Glyco Glycerine 100ml,1.2,1.26
12 Sept BCCT,005 - COSMETICS,CLRE,Clere Ladies Cream,2.0,2.1
12 Sept BCCT,005 - COSMETICS,COSMO,Cosmo Foam Bath,1.0,1.05
12 Sept BCCT,005 - COSMETICS,DAR,Dark& Lovely,5.5,5.775
12 Sept BCCT,005 - COSMETICS,DAW,Dawn,,0.0
12 Sept BCCT,005 - COSMETICS,DAWN,Dawn Cream,,0.0
12 Sept BCCT,005 - COSMETICS,DAX31,Dax 3 in 1 375mls,1.5,1.575
12 Sept BCCT,005 - COSMETICS,DAXG,Dax Hair Grower 250ml,3.0,3.15
12 Sept BCCT,005 - COSMETICS,DAXH,Dax Hair Grower 125mls,1.5,1.575
12 Sept BCCT,005 - COSMETICS,DAXI,Dax Freez Big 250ml,2.0,2.1
12 Sept BCCT,005 - COSMETICS,DOVE,Dove Lotion,5.5,5.775
12 Sept BCCT,005 - COSMETICS,DXA,Dax Freez Small 100ml,1.2,1.26
12 Sept BCCT,005 - COSMETICS,DXB,Dax Big 3 n 1,2.5,2.625
12 Sept BCCT,005 - COSMETICS,ENG,English Blazer,2.5,2.625
12 Sept BCCT,005 - COSMETICS,EWP,EasyWaves Pack,,0.0
12 Sept BCCT,005 - COSMETICS,EXCLA,Exclamation Perfume,2.0,2.1
12 Sept BCCT,005 - COSMETICS,GMG,Gentel Magic lotion,1.0,1.05
12 Sept BCCT,005 - COSMETICS,GML,Gentle Magic Cream,1.0,1.05
12 Sept BCCT,005 - COSMETICS,GMS,Gentel Magic Serum,1.5,1.575
12 Sept BCCT,005 - COSMETICS,GNT,Gentel Magic Soap,1.0,1.05
12 Sept BCCT,005 - COSMETICS,GNTO,Gentle Magic Oil 50ml,2.5,2.625
12 Sept BCCT,005 - COSMETICS,HAR,Hair Remover Cosmo 40g,0.5,0.525
12 Sept BCCT,005 - COSMETICS,HOIT,Hoit Toity 90mls,2.0,2.1
12 Sept BCCT,005 - COSMETICS,HOITY,Hoity Toity Lotion,3.0,3.15
12 Sept BCCT,005 - COSMETICS,IGM,Ingrams Herbal,2.5,2.625
12 Sept BCCT,005 - COSMETICS,IGMS,Ingrams Senstive 450ml,,0.0
12 Sept BCCT,005 - COSMETICS,IMP,Ingrams Moisture Plus 450ml,2.8,2.94
12 Sept BCCT,005 - COSMETICS,ING,Ingrams men 450ml,2.8,2.94
12 Sept BCCT,005 - COSMETICS,INGM,Ingrams Aloe 450ml,,0.0
12 Sept BCCT,005 - COSMETICS,INGMS,Ingrams tissue oi l450ml,3.5,3.675
12 Sept BCCT,005 - COSMETICS,INGRO,Ingrams Original 450mls,2.8,2.94
12 Sept BCCT,005 - COSMETICS,INR,Igrams Roibos 450ml,,0.0
12 Sept BCCT,005 - COSMETICS,ISB,Inecto Super Black75g,1.0,1.05
12 Sept BCCT,005 - COSMETICS,ISOP,Isoplus Edge Control,2.5,2.625
12 Sept BCCT,005 - COSMETICS,ISP,Iso Plus Hair Spry 240ml,1.8,1.8900000000000001
12 Sept BCCT,005 - COSMETICS,LACE,Lace Lotion,3.0,3.15
12 Sept BCCT,005 - COSMETICS,MOUS,Mousse,,0.0
12 Sept BCCT,005 - COSMETICS,NIV,Nivea Cream/Lotion 400ml,4.0,4.2
12 Sept BCCT,005 - COSMETICS,NIVA,Nivea Radiant Cream 400ml,,0.0
12 Sept BCCT,005 - COSMETICS,NIVES,Nivea Spray,3.0,3.15
12 Sept BCCT,005 - COSMETICS,NVIA,Nivea Q10,7.5,7.875
12 Sept BCCT,005 - COSMETICS,OHS,Oh So Heavenly Lotion 720ml,5.0,5.25
12 Sept BCCT,005 - COSMETICS,OHSHV,Oh So Heavenly - 2L,5.5,5.775
12 Sept BCCT,005 - COSMETICS,OHSL,Oh  So Heavenly Lotion 1L,7.0,7.35
12 Sept BCCT,005 - COSMETICS,OHSO,Oh SO Heavenly Cream 450ml,4.0,4.2
12 Sept BCCT,005 - COSMETICS,OHSOQ,Oh So heavenly Q10,7.0,7.35
12 Sept BCCT,005 - COSMETICS,OLV,Olive Oil Spry 250ml,1.8,1.8900000000000001
12 Sept BCCT,005 - COSMETICS,PLA,PlayBoy Roll on,,0.0
12 Sept BCCT,005 - COSMETICS,PLAY,PlayBoy Perfume,,0.0
12 Sept BCCT,005 - COSMETICS,RLS,Roll On Shield,,0.0
12 Sept BCCT,005 - COSMETICS,ROLL,Roll On Addidas 50ml,,0.0
12 Sept BCCT,005 - COSMETICS,ROLNIV,Roll on Nivea - 50ml,2.0,2.1
12 Sept BCCT,005 - COSMETICS,ROP,Roll On Power House 50ml,,0.0
12 Sept BCCT,005 - COSMETICS,SHOW,Shower To Shower,1.0,1.05
12 Sept BCCT,005 - COSMETICS,SHWR,Shower to Shower Perfume,2.5,2.625
12 Sept BCCT,005 - COSMETICS,SKA,Skala 200g,,0.0
12 Sept BCCT,005 - COSMETICS,SKAL,Skala hairFood,1.0,1.05
12 Sept BCCT,005 - COSMETICS,TOPS,Top Society,1.5,1.575
12 Sept BCCT,005 - COSMETICS,VAS,Vaseline 450ml,3.8,3.9899999999999998
12 Sept BCCT,005 - COSMETICS,VASE,Vaseline 250ml,2.0,2.1
12 Sept BCCT,005 - COSMETICS,VASEL,v,,0.0
12 Sept BCCT,005 - COSMETICS,VASELN,Vaseline lips,0.5,0.525
12 Sept BCCT,005 - COSMETICS,VASL,Vaseline 50ml,0.5,0.525
12 Sept BCCT,005 - COSMETICS,VASLN,Vaseline Cream,3.0,3.15
12 Sept BCCT,005 - COSMETICS,VASLNL,Vaseline Lotion,3.5,3.675
12 Sept BCCT,005 - COSMETICS,VESTGLC,Vestline Garlic - 200g,1.0,1.05
12 Sept BCCT,005 - COSMETICS,VSN,Vaseline - 100ml,1.0,1.05
12 Sept BCCT,019 - TOILETRIES,ANG,Angel Care Tissue,8.0,8.4
12 Sept BCCT,019 - TOILETRIES,AQFRSH,Aquafresh - 100ml,1.0,1.05
12 Sept BCCT,019 - TOILETRIES,BABYS,Baby Soft 18s,9.5,9.975
12 Sept BCCT,019 - TOILETRIES,CLO,Close Up,1.0,1.05
12 Sept BCCT,019 - TOILETRIES,COL,Colgate 100ml,1.0,1.05
12 Sept BCCT,019 - TOILETRIES,DELLP,Utra Pads,0.6,0.63
12 Sept BCCT,019 - TOILETRIES,DETO,Dettol Liquid,1.0,1.05
12 Sept BCCT,019 - TOILETRIES,DETT,Dettol soap,1.0,1.05
12 Sept BCCT,019 - TOILETRIES,GEI,Geisha,1.0,1.05
12 Sept BCCT,019 - TOILETRIES,HIL,HiLife Soap,0.5,0.525
12 Sept BCCT,019 - TOILETRIES,HYG,hygienix Soap 175g,0.5,0.525
12 Sept BCCT,019 - TOILETRIES,JAD,Jade Soap,0.8,0.8400000000000001
12 Sept BCCT,019 - TOILETRIES,KOT,Kotex pads 10s,1.5,1.575
12 Sept BCCT,019 - TOILETRIES,LIFBY,Lifebouy,0.8,0.8400000000000001
12 Sept BCCT,019 - TOILETRIES,LUX,Lux Soap,0.9,0.9450000000000001
12 Sept BCCT,019 - TOILETRIES,OHSOH,Oh So Heavenly Gel,,0.0
12 Sept BCCT,019 - TOILETRIES,PANT,Kotex Pant Liners,,0.0
12 Sept BCCT,019 - TOILETRIES,PDS,Pads Mix,1.0,1.05
12 Sept BCCT,019 - TOILETRIES,PERI,Period pants,1.0,1.05
12 Sept BCCT,019 - TOILETRIES,PROT,Protex Soap,1.0,1.05
12 Sept BCCT,019 - TOILETRIES,PRVT,Private Joy Tissue,8.0,8.4
12 Sept BCCT,019 - TOILETRIES,ROM,Romance Soap 50g,0.8,0.8400000000000001
12 Sept BCCT,019 - TOILETRIES,SAT,Tissue Single,0.5,0.525
12 Sept BCCT,019 - TOILETRIES,SATI,Satiskin 2L,4.5,4.725
12 Sept BCCT,019 - TOILETRIES,SATSK,Satiskin 1L,2.5,2.625
12 Sept BCCT,019 - TOILETRIES,SON,Sona,,0.0
12 Sept BCCT,019 - TOILETRIES,TISS,Tissue 4s,1.0,1.05
12 Sept BCCT,019 - TOILETRIES,TWIN,TwinSaver Tissue,9.0,9.45
12 Sept BCCT,019 - TOILETRIES,TWINS,TwinSaver 9s,4.5,4.725
12 Sept BCCT,019 - TOILETRIES,YBO,Yebo Soap,0.5,0.525
12 Sept SSSS,012 - SNACK,ALL,Allsorts sweets,1.0,1.05
12 Sept SSSS,012 - SNACK,AMAZ,Amazon Cookies,0.5,0.525
12 Sept SSSS,012 - SNACK,BIC,Bickies,0.4,0.42000000000000004
12 Sept SSSS,012 - SNACK,BLS01,Bliss - 200g,0.4,0.42000000000000004
12 Sept SSSS,012 - SNACK,BUBB,Bubble Chocolate,0.5,0.525
12 Sept SSSS,012 - SNACK,CAK,Cake,,0.0
12 Sept SSSS,012 - SNACK,CARD,Cardbury choc,1.5,1.575
12 Sept SSSS,012 - SNACK,CHA,Charhons 500g,1.5,1.575
12 Sept SSSS,012 - SNACK,CHAR,Charhons 1kg,3.0,3.15
12 Sept SSSS,012 - SNACK,CHARH,Charhorns 2kg,5.2,5.46
12 Sept SSSS,012 - SNACK,CHARHN,Charhon Crunch Cookies,,0.0
12 Sept SSSS,012 - SNACK,CHARNS,Charhons 200g,0.5,0.525
12 Sept SSSS,012 - SNACK,CHCOK,Charhons Cookies - 500g,1.5,1.575
12 Sept SSSS,012 - SNACK,CHELS,ShortBread Chelsea,0.5,0.525
12 Sept SSSS,012 - SNACK,CHI,Chicken curls,,0.0
12 Sept SSSS,012 - SNACK,CHIC,Chicken Flings,,0.0
12 Sept SSSS,012 - SNACK,CHMP,Chompkins 25g,,0.0
12 Sept SSSS,012 - SNACK,CHO,Chocolate Coated Biscuits,1.5,1.575
12 Sept SSSS,012 - SNACK,CHOCC,Chocalate Coated Small,0.5,0.525
12 Sept SSSS,012 - SNACK,CHOCCB,Chocolate coated Box,,0.0
12 Sept SSSS,012 - SNACK,CHOI,Choice Biscuits,1.5,1.575
12 Sept SSSS,012 - SNACK,CHOMP,Chompkins 150g,1.3,1.365
12 Sept SSSS,012 - SNACK,CHPP,Chippa,,0.0
12 Sept SSSS,012 - SNACK,COC,Coco Bongo Choc,,0.0
12 Sept SSSS,012 - SNACK,COKI,Cookies,0.5,0.525
12 Sept SSSS,012 - SNACK,COU,Cough drops,0.5,0.525
12 Sept SSSS,012 - SNACK,CRAC,Cracker Jax,,0.0
12 Sept SSSS,012 - SNACK,CRINK,Crinkles big,,0.0
12 Sept SSSS,012 - SNACK,CRM,CreamFeast,,0.0
12 Sept SSSS,012 - SNACK,DAI,Daisy Biscuits,0.5,0.525
12 Sept SSSS,012 - SNACK,DAND,Dandy Pack,2.5,2.625
12 Sept SSSS,012 - SNACK,DELL,Dell Cookies 500ml,1.8,1.8900000000000001
12 Sept SSSS,012 - SNACK,DELLC,Dell cookies 1kg,,0.0
12 Sept SSSS,012 - SNACK,DOR,Doritos 145g,,0.0
12 Sept SSSS,012 - SNACK,ECLAI,Eclair/Big Boom Pack,3.3,3.465
12 Sept SSSS,012 - SNACK,ELD30,Eldos - 30g,,0.0
12 Sept SSSS,012 - SNACK,FIN,Finger Biscuits,0.5,0.525
12 Sept SSSS,012 - SNACK,FRI,Frimax 150g,1.5,1.575
12 Sept SSSS,012 - SNACK,FUNN,Funny Dip,0.2,0.21000000000000002
12 Sept SSSS,012 - SNACK,GOLD,GoldenFresh Biscuits,,0.0
12 Sept SSSS,012 - SNACK,HAL01,HALLS,0.1,0.10500000000000001
12 Sept SSSS,012 - SNACK,HELL,Hello/Chippa Single,0.5,0.525
12 Sept SSSS,012 - SNACK,HELPCK,Hello - Pack,,0.0
12 Sept SSSS,012 - SNACK,IMPR,Imperial Mints,1.0,1.05
12 Sept SSSS,012 - SNACK,JMBO,Jumbo Pack,,0.0
12 Sept SSSS,012 - SNACK,JOE,Joe Biscuits,0.33,0.34650000000000003
12 Sept SSSS,012 - SNACK,JPT,Jupiter 75g,,0.0
12 Sept SSSS,012 - SNACK,JUMSNG,Jumbo single,,0.0
12 Sept SSSS,012 - SNACK,KING,KingKurls Pack,3.5,3.675
12 Sept SSSS,012 - SNACK,KIS01,Kiss,,0.0
12 Sept SSSS,012 - SNACK,KNG,KingKurls Single,0.5,0.525
12 Sept SSSS,012 - SNACK,KRE,Krema Biscuits,,0.0
12 Sept SSSS,012 - SNACK,LAKK,LakkerNax,1.8,1.8900000000000001
12 Sept SSSS,012 - SNACK,LAYS,Lays 125g,1.5,1.575
12 Sept SSSS,012 - SNACK,LOB,Lobels Biscuits,0.5,0.525
12 Sept SSSS,012 - SNACK,LOBE,Lobels Loose Biscuits,,0.0
12 Sept SSSS,012 - SNACK,LOLI,Lollipop,0.2,0.21000000000000002
12 Sept SSSS,012 - SNACK,LOO,Loose Biscuits 200g,,0.0
12 Sept SSSS,012 - SNACK,LOS,Loose Buiscuits 2kg,,0.0
12 Sept SSSS,012 - SNACK,LUN,Lunch Bar Choc,0.4,0.42000000000000004
12 Sept SSSS,012 - SNACK,LYS,Lays 23g,,0.0
12 Sept SSSS,012 - SNACK,MAP,Maputi,1.0,1.05
12 Sept SSSS,012 - SNACK,MARIE,Marie,,0.0
12 Sept SSSS,012 - SNACK,MARS,MarshMallow Long,0.25,0.2625
12 Sept SSSS,012 - SNACK,MARSH,MarshMallow Long Pack,,0.0
12 Sept SSSS,012 - SNACK,MAY,Maynards Jelly Sweets,1.0,1.05
12 Sept SSSS,012 - SNACK,MINTS,Mints Pack,,0.0
12 Sept SSSS,012 - SNACK,MNT,Mint/Dandy/toffe,0.05,0.052500000000000005
12 Sept SSSS,012 - SNACK,MPT,Maputi Authentic,,0.0
12 Sept SSSS,012 - SNACK,MRSHP,MarshMallow Pack,6.0,6.3
12 Sept SSSS,012 - SNACK,NIB,Nibbles,,0.0
12 Sept SSSS,012 - SNACK,NIVE,Maputi Single,0.1,0.10500000000000001
12 Sept SSSS,012 - SNACK,PAS,Pascal Choc,0.5,0.525
12 Sept SSSS,012 - SNACK,POP,Popcorn,1.0,1.05
12 Sept SSSS,012 - SNACK,POPCN,Popticorn -120g,0.5,0.525
12 Sept SSSS,012 - SNACK,POPT,Popticorn Pack,,0.0
12 Sept SSSS,012 - SNACK,PRO,Proton Cookies 1kg,3.5,3.675
12 Sept SSSS,012 - SNACK,PROTN,Proton Cookies 250g,1.0,1.05
12 Sept SSSS,012 - SNACK,PROTO,Proton Cookies 2kg,6.5,6.825
12 Sept SSSS,012 - SNACK,PRT,Proton Cookies 500g,2.0,2.1
12 Sept SSSS,012 - SNACK,RIPP,Ripples,1.0,1.05
12 Sept SSSS,012 - SNACK,ROSS,Rosso Chocolate,,0.0
12 Sept SSSS,012 - SNACK,ROSY,Rossy Wafers,0.5,0.525
12 Sept SSSS,012 - SNACK,RUL,Rul 3D,,0.0
12 Sept SSSS,012 - SNACK,SHOR,ShortBread Mini,0.25,0.2625
12 Sept SSSS,012 - SNACK,SHRT,ShortBread Biscuits - 150g,0.5,0.525
12 Sept SSSS,012 - SNACK,SIM,Simba,,0.0
12 Sept SSSS,012 - SNACK,SPD,Spuds 30g,0.5,0.525
12 Sept SSSS,012 - SNACK,SPNRL01,Spinners loose - Pack,,0.0
12 Sept SSSS,012 - SNACK,SPU,Spuds 75g,1.0,1.05
12 Sept SSSS,012 - SNACK,SPUD,Spuds/Lays Box 30g,10.0,10.5
12 Sept SSSS,012 - SNACK,SPUDB,S,,0.0
12 Sept SSSS,012 - SNACK,STA,Stambo/ BigBoom Pack,3.0,3.15
12 Sept SSSS,012 - SNACK,STAMB,Stambo/ BigBoom Single,0.1,0.10500000000000001
12 Sept SSSS,012 - SNACK,SUNB,SunBite Biscuits,0.5,0.525
12 Sept SSSS,012 - SNACK,SUNSA,Sun Snack,0.5,0.525
12 Sept SSSS,012 - SNACK,SWEE,Sweet Cup,0.1,0.10500000000000001
12 Sept SSSS,012 - SNACK,SWEEC,SweetCup Can,,0.0
12 Sept SSSS,012 - SNACK,TEA,Tea Biscuits,3.0,3.15
12 Sept SSSS,012 - SNACK,THI,Things/Kornkurl 150g,0.5,0.525
12 Sept SSSS,012 - SNACK,THIN,Things 75g,1.0,1.05
12 Sept SSSS,012 - SNACK,THING,Things Pack,5.0,5.25
12 Sept SSSS,012 - SNACK,THINP,THINGS Pack,,0.0
12 Sept SSSS,012 - SNACK,TME,Time Biscuits,,0.0
12 Sept SSSS,012 - SNACK,TOF,Toffee Bar,,0.0
12 Sept SSSS,012 - SNACK,TOPTB,Top T biscuits - 150g,,0.0
12 Sept SSSS,012 - SNACK,TORK,Torku Chocolate,0.25,0.2625
12 Sept SSSS,012 - SNACK,VIG,Vigos Choc,0.1,0.10500000000000001
12 Sept SSSS,012 - SNACK,WSH,Wish Cream,1.0,1.05
12 Sept SSSS,012 - SNACK,YOGT,Yogurt Kefalos 75ml,0.6,0.63
12 Sept SSSS,012 - SNACK,ZAP,ZapNax,0.5,0.525
12 Sept SSSS,012 - SNACK,ZAPP,ZapNax Pack,3.0,3.15
12 Sept SSSS,013 - SOUPS,BEAN,Beans kg,,0.0
12 Sept SSSS,013 - SOUPS,BEEF,Beef Kg,,0.0
12 Sept SSSS,013 - SOUPS,BRON,Brono Gravy,1.0,1.05
12 Sept SSSS,013 - SOUPS,BST,Bisto Gravy 125g,1.0,1.05
12 Sept SSSS,013 - SOUPS,BSTO,Bisto Gravy 250g,,0.0
12 Sept SSSS,013 - SOUPS,CAB,Cabbages,,0.0
12 Sept SSSS,013 - SOUPS,CARRT,Carrots,,0.0
12 Sept SSSS,013 - SOUPS,CHCK,Chicken full,,0.0
12 Sept SSSS,013 - SOUPS,CUC,Cucumber,,0.0
12 Sept SSSS,013 - SOUPS,EGG,Eggs,,0.0
12 Sept SSSS,013 - SOUPS,GARLI,Garlic,,0.0
12 Sept SSSS,013 - SOUPS,GREBN,Green Beans,,0.0
12 Sept SSSS,013 - SOUPS,KNOR,Knorr Soup,0.5,0.525
12 Sept SSSS,013 - SOUPS,LETT,Lettuce,,0.0
12 Sept SSSS,013 - SOUPS,ONIO,Onion,,0.0
12 Sept SSSS,013 - SOUPS,ORANG,Orange - pocket,,0.0
12 Sept SSSS,013 - SOUPS,ROY,Royco Satchet,0.5,0.525
12 Sept SSSS,013 - SOUPS,ROYC,Royco Box 12s,,0.0
12 Sept SSSS,013 - SOUPS,RYC,Royco Mchuzi,2.0,2.1
12 Sept SSSS,013 - SOUPS,SAUC,Sausage kg,,0.0
12 Sept SSSS,013 - SOUPS,SPIC,Spice,,0.0
12 Sept SSSS,013 - SOUPS,TOM,Tomatoes kg,,0.0
12 Sept SSSS,013 - SOUPS,TOPL,Top Soy 90g,0.5,0.525
12 Sept SSSS,013 - SOUPS,USV,Usavi Mix,0.33,0.34650000000000003
12 Sept SSSS,014 - SPICES,SOTHCTN,Southern Coating - 200g,1.5,1.575
12 Sept SSSS,015 - SPREADS,BLUE,Blue Band,1.0,1.05
12 Sept SSSS,015 - SPREADS,BTT,Buttercup Brick 500g,,0.0
12 Sept SSSS,015 - SPREADS,BUTC,ButterCup 250ml,,0.0
12 Sept SSSS,015 - SPREADS,BUTT,ButterCup tub,2.0,2.1
12 Sept SSSS,015 - SPREADS,MAR,Marmalade Jam 500g,2.0,2.1
12 Sept SSSS,015 - SPREADS,PNUT,Peanut Butter 1L,3.0,3.15
12 Sept SSSS,015 - SPREADS,PNUTB,Peanut Butter 375ml,1.0,1.05
12 Sept SSSS,015 - SPREADS,ROMI,Romi Margarine,,0.0
12 Sept SSSS,015 - SPREADS,SNJAM,SunJam 900g,,0.0
12 Sept SSSS,015 - SPREADS,SUNJ,SunJam 500g,1.5,1.575
12 Sept SSSS,015 - SPREADS,TJAM,Topjam 900g,,0.0
12 Sept SSSS,015 - SPREADS,TOP,Top Jam 400ml,1.0,1.05
12 Sept SSSS,015 - SPREADS,ZMG,Zimgold Marg  Tub,,0.0
12 Sept SSSS,016 - STARCH,AROMA,Noddles Aroma,1.2,1.26
12 Sept SSSS,016 - STARCH,ASHN,Ashna Rice 2kg,2.0,2.1
12 Sept SSSS,016 - STARCH,BAS,Basmattii 5kg,10.0,10.5
12 Sept SSSS,016 - STARCH,BEL,Bella Macaroni 3kg,4.0,4.2
12 Sept SSSS,016 - STARCH,BET,BetterBuy RollerMeal 10kg,,0.0
12 Sept SSSS,016 - STARCH,BETT,BetterBuy Macaroni 3kg,4.0,4.2
12 Sept SSSS,016 - STARCH,BETTR,BetterBuy Spagetti,0.5,0.525
12 Sept SSSS,016 - STARCH,BRE,Bread,1.0,1.05
12 Sept SSSS,016 - STARCH,BTBUY,BetterBuy 400g,0.5,0.525
12 Sept SSSS,016 - STARCH,CAKFLR,SnowFlak Cake Flour 2.5kg,3.5,3.675
12 Sept SSSS,016 - STARCH,CASM,Noddles  casamia,,0.0
12 Sept SSSS,016 - STARCH,CONT,Continental Rice 2kg,2.0,2.1
12 Sept SSSS,016 - STARCH,COO,Cookmore Rice 5kg,5.5,5.775
12 Sept SSSS,016 - STARCH,COOKM,CookMore Rice 2kg,2.5,2.625
12 Sept SSSS,016 - STARCH,DON,Donunt,,0.0
12 Sept SSSS,016 - STARCH,EKN,Ekono Rice white 2kg,2.2,2.31
12 Sept SSSS,016 - STARCH,EKO,Ekono white Rice 5kg,,0.0
12 Sept SSSS,016 - STARCH,EKON,Ekono Macaron 3kg,4.0,4.2
12 Sept SSSS,016 - STARCH,EKONO,Spagetti 400g,0.5,0.525
12 Sept SSSS,016 - STARCH,EKSP01,Ekono Spaghett - Box (8kg),,0.0
12 Sept SSSS,016 - STARCH,GOLF,Noddles Golf,1.2,1.26
12 Sept SSSS,016 - STARCH,IDE,Ideal white Rice 5kg,5.2,5.46
12 Sept SSSS,016 - STARCH,IDEL,Ideal whie Rice 2kg,2.0,2.1
12 Sept SSSS,016 - STARCH,INDO,Noddles Indomie,1.5,1.575
12 Sept SSSS,016 - STARCH,JAS,Jasmine Rice 2kg,,0.0
12 Sept SSSS,016 - STARCH,MAC,Macaroni Box,,0.0
12 Sept SSSS,016 - STARCH,MACR01,Macaron - 400g,0.5,0.525
12 Sept SSSS,016 - STARCH,MAHA,Mahatma 2kg,2.5,2.625
12 Sept SSSS,016 - STARCH,MAHT,Mahatma 5kg,6.0,6.3
12 Sept SSSS,016 - STARCH,MAHTMCS,MAHATMA 2kg - Case,,0.0
12 Sept SSSS,016 - STARCH,MARA,Mariana Spagetti,,0.0
12 Sept SSSS,016 - STARCH,MARI,Mariiana 1kg,,0.0
12 Sept SSSS,016 - STARCH,MART,Martina White Rice 2kg,2.0,2.1
12 Sept SSSS,016 - STARCH,MARTIN,Martina Rice 5kg,5.2,5.46
12 Sept SSSS,016 - STARCH,MEG,Parboiled Rice 2kg,2.0,2.1
12 Sept SSSS,016 - STARCH,MEGA,Mega Macaroni - 3KG,4.0,4.2
12 Sept SSSS,016 - STARCH,MEGAM,Mega Macaroni 400g,0.5,0.525
12 Sept SSSS,016 - STARCH,MEGR01,Mega Rice - 2kg,2.2,2.31
12 Sept SSSS,016 - STARCH,MEGRC,Mega Rice - 5kg,5.8,6.09
12 Sept SSSS,016 - STARCH,MGAA,Mega All Purpose 2kg,2.0,2.1
12 Sept SSSS,016 - STARCH,MR,Mr Rice White 2kg,2.2,2.31
12 Sept SSSS,016 - STARCH,MRR,Mr Rice white 5kg,5.2,5.46
12 Sept SSSS,016 - STARCH,NGW,Ngwerevere,,0.0
12 Sept SSSS,016 - STARCH,NODB,Noddle Box,10.0,10.5
12 Sept SSSS,016 - STARCH,NODBNT,Noddles Binto,1.2,1.26
12 Sept SSSS,016 - STARCH,NODD,Noodle Kellogs/Golf Box,12.0,12.6
12 Sept SSSS,016 - STARCH,NODL,Noddles Mega,1.3,1.365
12 Sept SSSS,016 - STARCH,NODPCK,Noddles Kellogs,1.6,1.6800000000000002
12 Sept SSSS,016 - STARCH,PAR,Parboiled Rice 5kg,5.2,5.46
12 Sept SSSS,016 - STARCH,PAST,Pastarelli - Macaroni 3kg,4.0,4.2
12 Sept SSSS,016 - STARCH,PEARL,Pearlenta 10kg,8.0,8.4
12 Sept SSSS,016 - STARCH,PIE,Pie,0.5,0.525
12 Sept SSSS,016 - STARCH,PLAI,Plain Flour 2kg,,0.0
12 Sept SSSS,016 - STARCH,POTA,Potatoes 15kg,,0.0
12 Sept SSSS,016 - STARCH,PRIM,Primo Pasta,,0.0
12 Sept SSSS,016 - STARCH,PRIMO,Primo Fusilli 650g,,0.0
12 Sept SSSS,016 - STARCH,RAHA,Raha white Rice 2kg,2.2,2.31
12 Sept SSSS,016 - STARCH,RHA,Raha white Rice 5kg,5.5,5.775
12 Sept SSSS,016 - STARCH,RLLR,Roller meal Irifarm 5kg,3.0,3.15
12 Sept SSSS,016 - STARCH,ROLER,Roller Meal 10kg,6.0,6.3
12 Sept SSSS,016 - STARCH,ROLLS,Roller SuperLife 5kg,2.0,2.1
12 Sept SSSS,016 - STARCH,SAS,Sasko Flour - 5kg,,0.0
12 Sept SSSS,016 - STARCH,SASKF,Sasko Flour 2.5 kg,3.0,3.15
12 Sept SSSS,016 - STARCH,SELF,Self Raising Flour 2kg,1.8,1.8900000000000001
12 Sept SSSS,016 - STARCH,SELFR,Self Raising Flour Case,,0.0
12 Sept SSSS,016 - STARCH,SNO,SnowFake SelfRaising 2.5,3.8,3.9899999999999998
12 Sept SSSS,016 - STARCH,SUGAR,Sugar Case,,0.0
12 Sept SSSS,016 - STARCH,TAPI,Tapi Tapi 2kg,2.5,2.625
12 Sept SSSS,016 - STARCH,THAI,Thai Rice,2.3,2.415
12 Sept SSSS,016 - STARCH,THAIR,Thai 5kg,,0.0
12 Sept SSSS,016 - STARCH,TLOF,Tea loaf,0.8,0.8400000000000001
12 Sept SSSS,016 - STARCH,TOPC,TopChef white Rice 5kg,5.5,5.775
12 Sept SSSS,016 - STARCH,TOPF,TopChef 2kg,2.5,2.625
12 Sept SSSS,016 - STARCH,WHRC,White Rice Case 2kg,,0.0
12 Sept BC,002 - BEVERAGES,ADE,Shumba,0.5,0.525
12 Sept BC,002 - BEVERAGES,AMAS,AmaSip,,0.0
12 Sept BC,002 - BEVERAGES,AQA,Aquaclear case,4.0,4.2
12 Sept BC,002 - BEVERAGES,AQU,Aquaclear 500ml,0.33,0.34650000000000003
12 Sept BC,002 - BEVERAGES,AQUA,Aquaclear 750ml,0.5,0.525
12 Sept BC,002 - BEVERAGES,BAL,Ballyhouse lime/crush 2L,2.5,2.625
12 Sept BC,002 - BEVERAGES,BALY,Ballyhouse Ras/Blkbery,2.0,2.1
12 Sept BC,002 - BEVERAGES,BAOJ01,Baobab Juice -500ml,,0.0
12 Sept BC,002 - BEVERAGES,BON,Bonaqua,0.33,0.34650000000000003
12 Sept BC,002 - BEVERAGES,BONA,Bonaqua Case,,0.0
12 Sept BC,002 - BEVERAGES,BROTH,Brothers Juice,0.5,0.525
12 Sept BC,002 - BEVERAGES,CAS,Cascade 500ml,0.5,0.525
12 Sept BC,002 - BEVERAGES,CASC,Cascade 1L,1.0,1.05
12 Sept BC,002 - BEVERAGES,CERES,Ceres 1L,2.0,2.1
12 Sept BC,002 - BEVERAGES,CIT,Citro Juice 1L,1.0,1.05
12 Sept BC,002 - BEVERAGES,DEL,Delta 1L,,0.0
12 Sept BC,002 - BEVERAGES,DELTA,Delta 440ml,0.5,0.525
12 Sept BC,002 - BEVERAGES,DETA,DELTA 2L,2.0,2.1
12 Sept BC,002 - BEVERAGES,DETM,Delta 300ml,0.33,0.34650000000000003
12 Sept BC,002 - BEVERAGES,DRA,Dragon,1.0,1.05
12 Sept BC,002 - BEVERAGES,FIZ,Fizzi 500ml,,0.0
12 Sept BC,002 - BEVERAGES,FIZZ,Fizzi 2L,1.0,1.05
12 Sept BC,002 - BEVERAGES,FRMIX,Fresh-Up - 400ml,0.5,0.525
12 Sept BC,002 - BEVERAGES,FRT,Flava Burst 5L,2.0,2.1
12 Sept BC,002 - BEVERAGES,FRU,Fruitade,1.5,1.575
12 Sept BC,002 - BEVERAGES,FRUG,Frugo 300mls,,0.0
12 Sept BC,002 - BEVERAGES,FRUI,Frutesca 430mls,1.0,1.05
12 Sept BC,002 - BEVERAGES,FRUT,Fruitade Guava,,0.0
12 Sept BC,002 - BEVERAGES,FRUTC,Fruitcana,0.5,0.525
12 Sept BC,002 - BEVERAGES,FUN,Fun 'n Fresh,1.3,1.365
12 Sept BC,002 - BEVERAGES,GINZNG,Ginger Zinga,,0.0
12 Sept BC,002 - BEVERAGES,HNY,HoneyPot,,0.0
12 Sept BC,002 - BEVERAGES,HNYPOT,Honey Pot - Mahewu,,0.0
12 Sept BC,002 - BEVERAGES,JICP,JuicyPlus Crush 5L,,0.0
12 Sept BC,002 - BEVERAGES,JUC,Juice it 250ml,0.5,0.525
12 Sept BC,002 - BEVERAGES,JUIPC,Juicyplus 5L,,0.0
12 Sept BC,002 - BEVERAGES,KAMB,Kambucha No.3,1.0,1.05
12 Sept BC,002 - BEVERAGES,KAMBU,Kambucha,,0.0
12 Sept BC,002 - BEVERAGES,KEF,Kefalos Dairy/Juice 200ml,0.5,0.525
12 Sept BC,002 - BEVERAGES,KEFALOS,Milkit/ Juice Box,12.0,12.6
12 Sept BC,002 - BEVERAGES,LIQ,Liqui/Ceres Fruit Juice,2.0,2.1
12 Sept BC,002 - BEVERAGES,MAM,Mammoth Energy Drink,,0.0
12 Sept BC,002 - BEVERAGES,MAZ,Mazoe Orange 2L,4.0,4.2
12 Sept BC,002 - BEVERAGES,MAZB,Mazoe Blackberry 2L,3.5,3.675
12 Sept BC,002 - BEVERAGES,MAZW,Mazoe Mix,3.0,3.15
12 Sept BC,002 - BEVERAGES,MIK,Milkit Milkshake 100ml,0.5,0.525
12 Sept BC,002 - BEVERAGES,MILKB01,Milkit - Big,,0.0
12 Sept BC,002 - BEVERAGES,MIN,Minute Maid Original 400ml,1.0,1.05
12 Sept BC,002 - BEVERAGES,MINU,Minute Maid Refresh,0.5,0.525
12 Sept BC,002 - BEVERAGES,MONTY,Baked Beand Montys,1.0,1.05
12 Sept BC,002 - BEVERAGES,MOY,Mooyo Maheu,,0.0
12 Sept BC,002 - BEVERAGES,NATU,Natural Joy - 1litre,1.0,1.05
12 Sept BC,002 - BEVERAGES,ORAN,Oran Crush 5L,3.8,3.9899999999999998
12 Sept BC,002 - BEVERAGES,PEAR,Pearlenta Porridge 1kg,1.5,1.575
12 Sept BC,002 - BEVERAGES,PEP,Peps Case,9.0,9.45
12 Sept BC,002 - BEVERAGES,PEPM,PEPS 1L,0.5,0.525
12 Sept BC,002 - BEVERAGES,PEPS,Peps 500ml,0.33,0.34650000000000003
12 Sept BC,002 - BEVERAGES,PFK,Pfuko Traditional 500ml,0.5,0.525
12 Sept BC,002 - BEVERAGES,PFKBT,Pfuko Buttermilk - 500ml,0.6,0.63
12 Sept BC,002 - BEVERAGES,PFKO,Pfuko case,6.0,6.3
12 Sept BC,002 - BEVERAGES,PUREJ,PureJoy Juice,2.0,2.1
12 Sept BC,002 - BEVERAGES,PWR,PowerPlus,2.0,2.1
12 Sept BC,002 - BEVERAGES,QUEN,Quench,3.5,3.675
12 Sept BC,002 - BEVERAGES,RED,RedBull,1.2,1.26
12 Sept BC,002 - BEVERAGES,REV,Revive juice 500ml,0.5,0.525
12 Sept BC,002 - BEVERAGES,REVI,Revive Maheu 500ml,0.5,0.525
12 Sept BC,002 - BEVERAGES,REVJ,Revive Juice 1L,1.0,1.05
12 Sept BC,002 - BEVERAGES,REVM,Revive Maheu 1L,1.0,1.05
12 Sept BC,002 - BEVERAGES,RHD,Rhodes Juice,0.5,0.525
12 Sept BC,002 - BEVERAGES,SQU,Squish Squash Crush 2L,,0.0
12 Sept BC,002 - BEVERAGES,SQUI,Squish Squash Appl/Ras,,0.0
12 Sept BC,002 - BEVERAGES,STG,Sting 500ml,0.5,0.525
12 Sept BC,002 - BEVERAGES,SUP,SuperSip 500ml,,0.0
12 Sept BC,002 - BEVERAGES,SUPD,SuperDay 5L,,0.0
12 Sept BC,002 - BEVERAGES,SWT,Switch,1.0,1.05
12 Sept BC,002 - BEVERAGES,UFRS,Ufresh Maheu,,0.0
12 Sept BC,002 - BEVERAGES,UFSH,Ufresh Drink,,0.0
12 Sept BC,002 - BEVERAGES,VIC,Victoria Juice,2.0,2.1
12 Sept BC,002 - BEVERAGES,WILDC01,Wild Cat - 500ml,0.5,0.525
12 Sept BC,003 - CEREALS,BOKO,Bokomo CornFlakes,3.5,3.675
12 Sept BC,003 - CEREALS,CER,Cerelac 250g,2.5,2.625
12 Sept BC,003 - CEREALS,CERE,Cerelac 500ml,5.0,5.25
12 Sept BC,003 - CEREALS,CEREV,Cerevita 500g,3.0,3.15
12 Sept BC,003 - CEREALS,CEREVM,Cerevita Milk 500G,4.0,4.2
12 Sept BC,003 - CEREALS,CERV,Cerevita Sour,2.5,2.625
12 Sept BC,003 - CEREALS,CON,Cornflakes Kellogs 500g,3.0,3.15
12 Sept BC,003 - CEREALS,COR,CornFlakes Mamas,,0.0
12 Sept BC,003 - CEREALS,CORN,CornFLakes Willards,2.2,2.31
12 Sept BC,003 - CEREALS,CORNBG,Cornflakes Bigtree - 1kg,4.0,4.2
12 Sept BC,003 - CEREALS,CORNBG02,Cornflakes Bigtree - 500g,2.3,2.415
12 Sept BC,003 - CEREALS,CORNFBG,Cornflakes Bigtree - 750g,3.2,3.3600000000000003
12 Sept BC,003 - CEREALS,GRW,Grown ups,2.0,2.1
12 Sept BC,003 - CEREALS,KELCORNF,Cornflakes Kellogs - 1kg,4.5,4.725
12 Sept BC,003 - CEREALS,MUE,Muesli,3.5,3.675
12 Sept BC,003 - CEREALS,OAT,Oats,3.0,3.15
12 Sept BC,003 - CEREALS,SUN,Sunny Porridge,1.5,1.575
12 Sept BC,003 - CEREALS,WETBX,Weetbix - 450g,2.2,2.31
